pos,wt,structure,depth_max,depth_mean
1,M,C,1.5356,1.0475
2,A,C,1.6457,1.1604
3,T,C,2.7328,1.5341
4,K,C,2.7297,1.5800
5,A,C,2.0571,1.4505
6,V,C,2.2416,1.5720
7,C,C,3.2345,1.9068
8,V,C,2.5218,1.7685
9,L,C,2.6855,1.8597
10,K,C,3.2566,2.1556
11,G,C,3.5955,2.3603
12,D,C,3.3783,2.2397
13,G,C,3.5955,2.3603
14,P,C,3.4580,2.2899
15,V,C,2.9421,2.0632
16,Q,C,3.3251,2.3074
17,G,C,3.5955,2.3603
18,I,C,2.9985,2.0824
19,I,C,2.9985,2.0824
20,N,C,3.3734,2.3163
21,F,C,4.4625,3.3920
22,E,C,3.3339,2.2287
23,Q,C,3.3251,2.3074
24,K,C,3.3445,2.2515
25,E,C,3.3339,2.2287
26,S,C,3.5312,2.3127
27,N,C,3.3734,2.3163
28,G,C,3.5955,2.3603
29,P,C,3.4580,2.2899
30,V,C,2.9421,2.0632
31,K,C,3.3445,2.2515
32,V,C,2.9421,2.0632
33,W,C,4.6585,3.3927
34,G,C,3.5955,2.3603
35,S,C,3.5312,2.3127
36,I,C,2.9985,2.0824
37,K,C,3.3445,2.2515
38,G,C,3.5955,2.3603
39,L,C,2.9682,2.0555
40,T,C,3.4915,2.2838
41,E,C,3.3339,2.2287
42,G,C,3.5955,2.3603
43,L,C,2.9682,2.0555
44,H,C,3.3229,2.3035
45,G,C,3.5955,2.3603
46,F,C,4.4625,3.3920
47,H,C,3.3229,2.3035
48,V,C,2.9421,2.0632
49,H,C,3.3229,2.3035
50,E,C,3.3339,2.2287
51,F,C,4.4625,3.3920
52,G,C,3.5955,2.3603
53,D,C,3.3783,2.2397
54,N,C,3.3734,2.3163
55,T,C,3.4915,2.2838
56,A,C,2.8799,2.0308
57,G,C,3.5955,2.3603
58,C,C,3.6426,2.2811
59,T,C,3.4915,2.2838
60,S,C,3.5312,2.3127
61,A,C,2.8799,2.0308
62,G,C,3.5955,2.3603
63,P,C,3.4580,2.2899
64,H,C,3.3229,2.3035
65,F,C,4.4625,3.3920
66,N,C,3.3734,2.3163
67,P,C,3.4580,2.2899
68,L,C,2.9682,2.0555
69,S,C,3.5312,2.3127
70,R,C,3.3783,2.2811
71,K,C,3.3445,2.2515
72,H,C,3.3229,2.3035
73,G,C,3.5955,2.3603
74,G,C,3.5955,2.3603
75,P,C,3.4580,2.2899
76,K,C,3.3445,2.2515
77,D,C,3.3783,2.2397
78,E,C,3.3339,2.2287
79,E,C,3.3339,2.2287
80,R,C,3.3783,2.2811
81,H,C,3.3229,2.3035
82,V,C,2.9421,2.0632
83,G,C,3.5955,2.3603
84,D,C,3.3783,2.2397
85,L,C,2.9682,2.0555
86,G,C,3.5955,2.3603
87,N,C,3.3734,2.3163
88,V,C,2.9421,2.0632
89,T,C,3.4915,2.2838
90,A,C,2.8799,2.0308
91,D,C,3.3783,2.2397
92,K,C,3.3445,2.2515
93,D,C,3.3783,2.2397
94,G,C,3.5955,2.3603
95,V,C,2.9421,2.0632
96,A,C,2.8799,2.0308
97,D,C,3.3783,2.2397
98,V,C,2.9421,2.0632
99,S,C,3.5312,2.3127
100,I,C,2.9985,2.0824
101,E,C,3.3339,2.2287
102,D,C,3.3783,2.2397
103,S,C,3.5312,2.3127
104,V,C,2.9421,2.0632
105,I,C,2.9985,2.0824
106,S,C,3.5312,2.3127
107,L,C,2.9682,2.0555
108,S,C,3.5312,2.3127
109,G,C,3.5955,2.3603
110,D,C,3.3783,2.2397
111,H,C,3.3229,2.3035
112,C,C,3.6426,2.2811
113,I,C,2.9985,2.0824
114,I,C,2.9985,2.0824
115,G,C,3.5955,2.3603
116,R,C,3.3783,2.2811
117,T,C,3.4915,2.2838
118,L,C,2.9682,2.0555
119,V,C,2.9421,2.0632
120,V,C,2.9421,2.0632
121,H,C,3.3229,2.3035
122,E,C,3.3339,2.2287
123,K,C,3.3445,2.2515
124,A,C,2.8799,2.0308
125,D,C,3.3783,2.2397
126,D,C,3.3783,2.2397
127,L,C,2.9682,2.0555
128,G,C,3.5955,2.3603
129,K,C,3.3445,2.2515
130,G,C,3.5955,2.3603
131,G,C,3.5955,2.3603
132,N,C,3.3734,2.3163
133,E,C,3.3339,2.2287
134,E,C,3.3339,2.2287
135,S,C,3.5312,2.3127
136,T,C,3.4915,2.2838
137,K,C,3.3445,2.2515
138,T,C,3.4915,2.2838
139,G,C,3.5955,2.3603
140,N,C,3.3734,2.3163
141,A,C,2.8799,2.0308
142,G,C,3.5955,2.3603
143,S,C,3.5312,2.3127
144,R,C,3.3783,2.2811
145,L,C,2.8268,1.9576
146,A,C,2.6056,1.8374
147,C,C,3.3365,2.0004
148,G,C,3.1964,1.9709
149,V,C,2.2416,1.5720
150,I,C,2.1418,1.4874
151,G,C,2.8970,1.6788
152,I,C,1.8562,1.2891
153,A,C,1.6457,1.1604
154,Q,C,2.4560,1.3590
