pos,wt,structure,J_native,J_defect,Delta_J
1,M,C,0.0800,0.0838,-0.0038
2,S,C,0.0800,0.0822,-0.0022
3,V,H,0.1150,0.1158,-0.0008
4,K,H,0.1150,0.1160,-0.0010
5,R,H,0.1150,0.1162,-0.0012
6,Q,H,0.1150,0.1150,-0.0000
7,K,H,0.1150,0.1160,-0.0010
8,K,H,0.1150,0.1160,-0.0010
9,E,H,0.1150,0.1150,-0.0000
10,R,H,0.1150,0.1162,-0.0012
11,K,H,0.1150,0.1160,-0.0010
12,P,H,0.2150,0.1162,0.0988
13,I,H,0.1150,0.1158,-0.0008
14,L,H,0.1150,0.1160,-0.0010
15,I,H,0.1150,0.1158,-0.0008
16,N,H,0.1150,0.1150,-0.0000
17,A,H,0.1150,0.1158,-0.0008
18,F,H,0.1150,0.1170,-0.0020
19,E,H,0.1150,0.1150,-0.0000
20,M,H,0.1150,0.1158,-0.0008
21,C,H,0.1150,0.1162,-0.0012
22,C,H,0.1150,0.1162,-0.0012
23,P,H,0.2150,0.1162,0.0988
24,S,H,0.1150,0.1154,-0.0004
25,L,H,0.1150,0.1160,-0.0010
26,Q,H,0.1150,0.1150,-0.0000
27,A,H,0.1150,0.1158,-0.0008
28,P,H,0.2150,0.1162,0.0988
29,G,H,0.2150,0.1160,0.0990
30,L,H,0.1150,0.1160,-0.0010
31,W,H,0.1150,0.1161,-0.0011
32,K,H,0.1150,0.1160,-0.0010
33,H,H,0.1150,0.1157,-0.0007
34,P,H,0.2150,0.1162,0.0988
35,Q,H,0.1150,0.1150,-0.0000
36,D,H,0.1150,0.1150,-0.0000
37,K,H,0.1150,0.1160,-0.0010
38,S,C,0.0800,0.0822,-0.0022
39,R,C,0.0800,0.0816,-0.0016
40,D,C,0.0800,0.0802,-0.0002
41,Y,C,0.0800,0.0834,-0.0034
42,N,C,0.0800,0.0802,-0.0002
43,T,C,0.0800,0.0821,-0.0021
44,V,C,0.0800,0.0826,-0.0026
45,E,H,0.1150,0.1150,-0.0000
46,Y,H,0.1150,0.1161,-0.0011
47,W,H,0.1150,0.1161,-0.0011
48,T,H,0.1150,0.1154,-0.0004
49,N,H,0.1150,0.1150,-0.0000
50,L,H,0.1150,0.1160,-0.0010
51,A,H,0.1150,0.1158,-0.0008
52,R,H,0.1150,0.1162,-0.0012
53,L,H,0.1150,0.1160,-0.0010
54,L,H,0.1150,0.1160,-0.0010
55,E,H,0.1150,0.1150,-0.0000
56,R,H,0.1150,0.1162,-0.0012
57,G,H,0.2150,0.1160,0.0990
58,K,H,0.1150,0.1160,-0.0010
59,F,H,0.1150,0.1170,-0.0020
60,N,H,0.1150,0.1150,-0.0000
61,A,H,0.1150,0.1158,-0.0008
62,L,H,0.1150,0.1160,-0.0010
63,F,H,0.1150,0.1170,-0.0020
64,L,H,0.1150,0.1160,-0.0010
65,A,H,0.1150,0.1158,-0.0008
66,D,H,0.1150,0.1150,-0.0000
67,T,H,0.1150,0.1154,-0.0004
68,L,H,0.1150,0.1160,-0.0010
69,G,H,0.2150,0.1160,0.0990
70,P,H,0.2150,0.1162,0.0988
71,Y,H,0.1150,0.1161,-0.0011
72,D,H,0.1150,0.1150,-0.0000
73,V,H,0.1150,0.1158,-0.0008
74,Y,H,0.1150,0.1161,-0.0011
75,Q,H,0.1150,0.1150,-0.0000
76,G,H,0.2150,0.1160,0.0990
77,P,H,0.2150,0.1162,0.0988
78,R,H,0.1150,0.1162,-0.0012
79,N,H,0.1150,0.1150,-0.0000
80,I,H,0.1150,0.1158,-0.0008
81,T,H,0.1150,0.1154,-0.0004
82,A,H,0.1150,0.1158,-0.0008
83,A,H,0.1150,0.1158,-0.0008
84,A,H,0.1150,0.1158,-0.0008
85,T,H,0.1150,0.1154,-0.0004
86,S,H,0.1150,0.1154,-0.0004
87,G,H,0.2150,0.1160,0.0990
88,A,H,0.1150,0.1158,-0.0008
89,Q,H,0.1150,0.1150,-0.0000
90,W,H,0.1150,0.1161,-0.0011
91,P,H,0.2150,0.1162,0.0988
92,V,H,0.1150,0.1158,-0.0008
93,N,C,0.0800,0.0802,-0.0002
94,D,C,0.0800,0.0802,-0.0002
95,P,C,0.0800,0.0821,-0.0021
96,G,C,0.0800,0.0830,-0.0030
97,A,C,0.0800,0.0852,-0.0052
98,I,C,0.0800,0.0814,-0.0014
99,V,C,0.0800,0.0826,-0.0026
100,P,C,0.0800,0.0821,-0.0021
101,A,C,0.0800,0.0852,-0.0052
102,M,C,0.0800,0.0838,-0.0038
103,A,C,0.0800,0.0852,-0.0052
104,A,C,0.0800,0.0852,-0.0052
105,V,C,0.0800,0.0826,-0.0026
106,T,C,0.0800,0.0821,-0.0021
107,R,C,0.0800,0.0816,-0.0016
108,N,C,0.0800,0.0802,-0.0002
109,L,C,0.0800,0.0814,-0.0014
110,S,C,0.0800,0.0822,-0.0022
111,F,C,0.0800,0.0837,-0.0037
112,A,C,0.0800,0.0852,-0.0052
113,V,C,0.0800,0.0826,-0.0026
114,T,C,0.0800,0.0821,-0.0021
115,A,C,0.0800,0.0852,-0.0052
116,S,C,0.0800,0.0822,-0.0022
117,T,C,0.0800,0.0821,-0.0021
118,I,C,0.0800,0.0814,-0.0014
119,S,C,0.0800,0.0822,-0.0022
120,E,C,0.0800,0.0804,-0.0004
121,A,C,0.0800,0.0852,-0.0052
122,P,C,0.0800,0.0821,-0.0021
123,Y,C,0.0800,0.0834,-0.0034
124,H,C,0.0800,0.0813,-0.0013
125,F,C,0.0800,0.0837,-0.0037
126,A,C,0.0800,0.0852,-0.0052
127,R,C,0.0800,0.0816,-0.0016
128,R,C,0.0800,0.0816,-0.0016
129,L,C,0.0800,0.0814,-0.0014
130,A,C,0.0800,0.0852,-0.0052
131,T,C,0.0800,0.0821,-0.0021
132,L,C,0.0800,0.0814,-0.0014
133,D,C,0.0800,0.0802,-0.0002
134,H,C,0.0800,0.0813,-0.0013
135,L,C,0.0800,0.0814,-0.0014
136,S,C,0.0800,0.0822,-0.0022
137,K,C,0.0800,0.0816,-0.0016
138,G,C,0.0800,0.0830,-0.0030
139,R,C,0.0800,0.0816,-0.0016
140,I,C,0.0800,0.0814,-0.0014
141,G,C,0.0800,0.0830,-0.0030
142,W,C,0.0800,0.0834,-0.0034
143,N,C,0.0800,0.0802,-0.0002
144,I,C,0.0800,0.0814,-0.0014
145,V,C,0.0800,0.0826,-0.0026
146,S,C,0.0800,0.0822,-0.0022
147,S,C,0.0800,0.0822,-0.0022
148,Y,C,0.0800,0.0834,-0.0034
149,L,C,0.0800,0.0814,-0.0014
150,D,C,0.0800,0.0802,-0.0002
151,S,C,0.0800,0.0822,-0.0022
152,A,C,0.0800,0.0852,-0.0052
153,S,C,0.0800,0.0822,-0.0022
154,R,C,0.0800,0.0816,-0.0016
155,N,C,0.0800,0.0802,-0.0002
156,L,C,0.0800,0.0814,-0.0014
157,L,C,0.0800,0.0814,-0.0014
158,N,C,0.0800,0.0802,-0.0002
159,G,C,0.0800,0.0830,-0.0030
160,E,C,0.0800,0.0804,-0.0004
161,P,C,0.0800,0.0821,-0.0021
162,L,C,0.0800,0.0814,-0.0014
163,P,C,0.0800,0.0821,-0.0021
164,P,C,0.0800,0.0821,-0.0021
165,H,C,0.0800,0.0813,-0.0013
166,D,C,0.0800,0.0802,-0.0002
167,E,C,0.0800,0.0804,-0.0004
168,R,C,0.0800,0.0816,-0.0016
169,Y,C,0.0800,0.0834,-0.0034
170,E,C,0.0800,0.0804,-0.0004
171,K,C,0.0800,0.0816,-0.0016
172,A,C,0.0800,0.0852,-0.0052
173,E,C,0.0800,0.0804,-0.0004
174,E,C,0.0800,0.0804,-0.0004
175,Y,C,0.0800,0.0834,-0.0034
176,L,C,0.0800,0.0814,-0.0014
177,E,C,0.0800,0.0804,-0.0004
178,V,C,0.0800,0.0826,-0.0026
179,V,C,0.0800,0.0826,-0.0026
180,Y,C,0.0800,0.0834,-0.0034
181,Q,C,0.0800,0.0804,-0.0004
182,L,C,0.0800,0.0814,-0.0014
183,F,C,0.0800,0.0837,-0.0037
184,L,C,0.0800,0.0814,-0.0014
185,S,C,0.0800,0.0822,-0.0022
186,S,C,0.0800,0.0822,-0.0022
187,W,C,0.0800,0.0834,-0.0034
188,A,C,0.0800,0.0852,-0.0052
189,D,C,0.0800,0.0802,-0.0002
190,D,C,0.0800,0.0802,-0.0002
191,A,C,0.0800,0.0852,-0.0052
192,V,C,0.0800,0.0826,-0.0026
193,K,C,0.0800,0.0816,-0.0016
194,V,C,0.0800,0.0826,-0.0026
195,D,C,0.0800,0.0802,-0.0002
196,R,C,0.0800,0.0816,-0.0016
197,E,C,0.0800,0.0804,-0.0004
198,K,C,0.0800,0.0816,-0.0016
199,G,C,0.0800,0.0830,-0.0030
200,I,C,0.0800,0.0814,-0.0014
201,F,C,0.0800,0.0837,-0.0037
202,A,C,0.0800,0.0852,-0.0052
203,D,C,0.0800,0.0802,-0.0002
204,P,C,0.0800,0.0821,-0.0021
205,E,C,0.0800,0.0804,-0.0004
206,R,C,0.0800,0.0816,-0.0016
207,I,C,0.0800,0.0814,-0.0014
208,R,C,0.0800,0.0816,-0.0016
209,E,C,0.0800,0.0804,-0.0004
210,I,C,0.0800,0.0814,-0.0014
211,N,C,0.0800,0.0802,-0.0002
212,Y,C,0.0800,0.0834,-0.0034
213,E,C,0.0800,0.0804,-0.0004
214,G,C,0.0800,0.0830,-0.0030
215,E,C,0.0800,0.0804,-0.0004
216,H,C,0.0800,0.0813,-0.0013
217,F,C,0.0800,0.0837,-0.0037
218,K,C,0.0800,0.0816,-0.0016
219,V,C,0.0800,0.0826,-0.0026
220,P,C,0.0800,0.0821,-0.0021
221,G,C,0.0800,0.0830,-0.0030
222,P,C,0.0800,0.0821,-0.0021
223,F,C,0.0800,0.0837,-0.0037
224,I,C,0.0800,0.0814,-0.0014
225,C,C,0.0800,0.0829,-0.0029
226,E,C,0.0800,0.0804,-0.0004
227,P,C,0.0800,0.0821,-0.0021
228,N,C,0.0800,0.0802,-0.0002
229,P,C,0.0800,0.0821,-0.0021
230,Y,C,0.0800,0.0834,-0.0034
231,Q,C,0.0800,0.0804,-0.0004
232,R,C,0.0800,0.0816,-0.0016
233,L,C,0.0800,0.0814,-0.0014
234,P,C,0.0800,0.0821,-0.0021
235,V,C,0.0800,0.0826,-0.0026
236,I,C,0.0800,0.0814,-0.0014
237,L,C,0.0800,0.0814,-0.0014
238,Q,C,0.0800,0.0804,-0.0004
239,A,C,0.0800,0.0852,-0.0052
240,G,C,0.0800,0.0830,-0.0030
241,A,C,0.0800,0.0852,-0.0052
242,S,C,0.0800,0.0822,-0.0022
243,P,C,0.0800,0.0821,-0.0021
244,K,C,0.0800,0.0816,-0.0016
245,G,C,0.0800,0.0830,-0.0030
246,M,C,0.0800,0.0838,-0.0038
247,Q,C,0.0800,0.0804,-0.0004
248,F,C,0.0800,0.0837,-0.0037
249,A,C,0.0800,0.0852,-0.0052
250,A,C,0.0800,0.0852,-0.0052
251,Q,C,0.0800,0.0804,-0.0004
252,N,C,0.0800,0.0802,-0.0002
253,A,C,0.0800,0.0852,-0.0052
254,E,C,0.0800,0.0804,-0.0004
255,V,C,0.0800,0.0826,-0.0026
256,A,C,0.0800,0.0852,-0.0052
257,F,C,0.0800,0.0837,-0.0037
258,I,C,0.0800,0.0814,-0.0014
259,H,C,0.0800,0.0813,-0.0013
260,G,C,0.0800,0.0830,-0.0030
261,G,C,0.0800,0.0830,-0.0030
262,S,C,0.0800,0.0822,-0.0022
263,P,C,0.0800,0.0821,-0.0021
264,E,C,0.0800,0.0804,-0.0004
265,N,C,0.0800,0.0802,-0.0002
266,L,C,0.0800,0.0814,-0.0014
267,K,C,0.0800,0.0816,-0.0016
268,I,C,0.0800,0.0814,-0.0014
269,K,C,0.0800,0.0816,-0.0016
270,I,C,0.0800,0.0814,-0.0014
271,E,C,0.0800,0.0804,-0.0004
272,K,C,0.0800,0.0816,-0.0016
273,L,C,0.0800,0.0814,-0.0014
274,K,C,0.0800,0.0816,-0.0016
275,E,C,0.0800,0.0804,-0.0004
276,M,C,0.0800,0.0838,-0.0038
277,G,C,0.0800,0.0830,-0.0030
278,K,C,0.0800,0.0816,-0.0016
279,R,C,0.0800,0.0816,-0.0016
280,S,C,0.0800,0.0822,-0.0022
281,G,C,0.0800,0.0830,-0.0030
282,R,C,0.0800,0.0816,-0.0016
283,N,C,0.0800,0.0802,-0.0002
284,P,C,0.0800,0.0821,-0.0021
285,D,C,0.0800,0.0802,-0.0002
286,N,C,0.0800,0.0802,-0.0002
287,I,C,0.0800,0.0814,-0.0014
288,K,C,0.0800,0.0816,-0.0016
289,V,C,0.0800,0.0826,-0.0026
290,L,C,0.0800,0.0814,-0.0014
291,Q,C,0.0800,0.0804,-0.0004
292,L,C,0.0800,0.0814,-0.0014
293,A,C,0.0800,0.0852,-0.0052
294,T,C,0.0800,0.0821,-0.0021
295,V,C,0.0800,0.0826,-0.0026
296,I,C,0.0800,0.0814,-0.0014
297,V,C,0.0800,0.0826,-0.0026
298,A,C,0.0800,0.0852,-0.0052
299,P,C,0.0800,0.0821,-0.0021
300,T,C,0.0800,0.0821,-0.0021
301,R,C,0.0800,0.0816,-0.0016
302,E,C,0.0800,0.0804,-0.0004
303,E,C,0.0800,0.0804,-0.0004
304,A,C,0.0800,0.0852,-0.0052
305,F,C,0.0800,0.0837,-0.0037
306,A,C,0.0800,0.0852,-0.0052
307,K,C,0.0800,0.0816,-0.0016
308,F,C,0.0800,0.0837,-0.0037
309,K,C,0.0800,0.0816,-0.0016
310,E,C,0.0800,0.0804,-0.0004
311,Y,C,0.0800,0.0834,-0.0034
312,K,C,0.0800,0.0816,-0.0016
313,S,C,0.0800,0.0822,-0.0022
314,L,C,0.0800,0.0814,-0.0014
315,A,C,0.0800,0.0852,-0.0052
316,D,C,0.0800,0.0802,-0.0002
317,K,C,0.0800,0.0816,-0.0016
318,E,C,0.0800,0.0804,-0.0004
319,G,C,0.0800,0.0830,-0.0030
320,A,C,0.0800,0.0852,-0.0052
321,Q,C,0.0800,0.0804,-0.0004
322,A,C,0.0800,0.0852,-0.0052
323,L,C,0.0800,0.0814,-0.0014
324,F,C,0.0800,0.0837,-0.0037
325,G,C,0.0800,0.0830,-0.0030
326,G,C,0.0800,0.0830,-0.0030
327,W,C,0.0800,0.0834,-0.0034
328,T,C,0.0800,0.0821,-0.0021
329,G,C,0.0800,0.0830,-0.0030
330,I,C,0.0800,0.0814,-0.0014
331,D,C,0.0800,0.0802,-0.0002
332,L,C,0.0800,0.0814,-0.0014
333,N,C,0.0800,0.0802,-0.0002
334,Q,C,0.0800,0.0804,-0.0004
335,Y,C,0.0800,0.0834,-0.0034
336,D,C,0.0800,0.0802,-0.0002
337,W,C,0.0800,0.0834,-0.0034
338,E,C,0.0800,0.0804,-0.0004
339,Q,C,0.0800,0.0804,-0.0004
340,E,C,0.0800,0.0804,-0.0004
341,L,C,0.0800,0.0814,-0.0014
342,T,C,0.0800,0.0821,-0.0021
343,E,C,0.0800,0.0804,-0.0004
344,V,C,0.0800,0.0826,-0.0026
345,E,C,0.0800,0.0804,-0.0004
346,S,C,0.0800,0.0822,-0.0022
347,N,C,0.0800,0.0802,-0.0002
348,A,C,0.0800,0.0852,-0.0052
349,V,C,0.0800,0.0826,-0.0026
350,R,C,0.0800,0.0816,-0.0016
351,S,C,0.0800,0.0822,-0.0022
352,T,C,0.0800,0.0821,-0.0021
353,T,C,0.0800,0.0821,-0.0021
354,E,C,0.0800,0.0804,-0.0004
355,R,C,0.0800,0.0816,-0.0016
356,W,C,0.0800,0.0834,-0.0034
357,T,C,0.0800,0.0821,-0.0021
358,K,C,0.0800,0.0816,-0.0016
359,T,C,0.0800,0.0821,-0.0021
360,L,C,0.0800,0.0814,-0.0014
361,P,C,0.0800,0.0821,-0.0021
362,G,C,0.0800,0.0830,-0.0030
363,D,C,0.0800,0.0802,-0.0002
364,P,C,0.0800,0.0821,-0.0021
365,P,C,0.0800,0.0821,-0.0021
366,N,C,0.0800,0.0802,-0.0002
367,L,C,0.0800,0.0814,-0.0014
368,K,C,0.0800,0.0816,-0.0016
369,K,C,0.0800,0.0816,-0.0016
370,T,C,0.0800,0.0821,-0.0021
371,R,C,0.0800,0.0816,-0.0016
372,N,C,0.0800,0.0802,-0.0002
373,Y,C,0.0800,0.0834,-0.0034
374,V,C,0.0800,0.0826,-0.0026
375,A,C,0.0800,0.0852,-0.0052
376,D,C,0.0800,0.0802,-0.0002
377,S,C,0.0800,0.0822,-0.0022
378,I,C,0.0800,0.0814,-0.0014
379,S,C,0.0800,0.0822,-0.0022
380,L,C,0.0800,0.0814,-0.0014
381,G,C,0.0800,0.0830,-0.0030
382,G,C,0.0800,0.0830,-0.0030
383,N,C,0.0800,0.0802,-0.0002
384,G,C,0.0800,0.0830,-0.0030
385,V,C,0.0800,0.0826,-0.0026
386,V,C,0.0800,0.0826,-0.0026
387,L,C,0.0800,0.0814,-0.0014
388,V,C,0.0800,0.0826,-0.0026
389,G,C,0.0800,0.0830,-0.0030
390,T,C,0.0800,0.0821,-0.0021
391,P,C,0.0800,0.0821,-0.0021
392,A,C,0.0800,0.0852,-0.0052
393,D,C,0.0800,0.0802,-0.0002
394,V,C,0.0800,0.0826,-0.0026
395,A,C,0.0800,0.0852,-0.0052
396,D,C,0.0800,0.0802,-0.0002
397,E,C,0.0800,0.0804,-0.0004
398,L,C,0.0800,0.0814,-0.0014
399,E,C,0.0800,0.0804,-0.0004
400,N,C,0.0800,0.0802,-0.0002
401,W,C,0.0800,0.0834,-0.0034
402,V,C,0.0800,0.0826,-0.0026
403,D,C,0.0800,0.0802,-0.0002
404,V,C,0.0800,0.0826,-0.0026
405,S,C,0.0800,0.0822,-0.0022
406,G,C,0.0800,0.0830,-0.0030
407,V,C,0.0800,0.0826,-0.0026
408,D,C,0.0800,0.0802,-0.0002
409,G,C,0.0800,0.0830,-0.0030
410,F,C,0.0800,0.0837,-0.0037
411,N,C,0.0800,0.0802,-0.0002
412,F,C,0.0800,0.0837,-0.0037
413,T,C,0.0800,0.0821,-0.0021
414,Y,C,0.0800,0.0834,-0.0034
415,A,C,0.0800,0.0852,-0.0052
416,I,C,0.0800,0.0814,-0.0014
417,T,C,0.0800,0.0821,-0.0021
418,P,C,0.0800,0.0821,-0.0021
419,G,C,0.0800,0.0830,-0.0030
420,T,C,0.0800,0.0821,-0.0021
421,F,C,0.0800,0.0837,-0.0037
422,E,C,0.0800,0.0804,-0.0004
423,D,C,0.0800,0.0802,-0.0002
424,I,C,0.0800,0.0814,-0.0014
425,V,C,0.0800,0.0826,-0.0026
426,D,C,0.0800,0.0802,-0.0002
427,L,C,0.0800,0.0814,-0.0014
428,L,C,0.0800,0.0814,-0.0014
429,V,C,0.0800,0.0826,-0.0026
430,P,C,0.0800,0.0821,-0.0021
431,E,C,0.0800,0.0804,-0.0004
432,L,C,0.0800,0.0814,-0.0014
433,Q,C,0.0800,0.0804,-0.0004
434,R,C,0.0800,0.0816,-0.0016
435,R,C,0.0800,0.0816,-0.0016
436,G,C,0.0800,0.0830,-0.0030
437,L,C,0.0800,0.0814,-0.0014
438,V,C,0.0800,0.0826,-0.0026
439,W,C,0.0800,0.0834,-0.0034
440,K,C,0.0800,0.0816,-0.0016
441,D,C,0.0800,0.0802,-0.0002
442,Y,C,0.0800,0.0834,-0.0034
443,P,C,0.0800,0.0821,-0.0021
444,K,C,0.0800,0.0816,-0.0016
445,D,C,0.0800,0.0802,-0.0002
446,G,C,0.0800,0.0830,-0.0030
447,L,C,0.0800,0.0814,-0.0014
448,T,C,0.0800,0.0821,-0.0021
449,F,C,0.0800,0.0837,-0.0037
450,R,C,0.0800,0.0816,-0.0016
451,E,C,0.0800,0.0804,-0.0004
452,Q,C,0.0800,0.0804,-0.0004
453,L,C,0.0800,0.0814,-0.0014
454,N,C,0.0800,0.0802,-0.0002
455,G,C,0.0800,0.0830,-0.0030
456,L,C,0.0800,0.0814,-0.0014
457,E,C,0.0800,0.0804,-0.0004
458,G,C,0.0800,0.0830,-0.0030
459,E,C,0.0800,0.0804,-0.0004
460,D,C,0.0800,0.0802,-0.0002
461,P,C,0.0800,0.0821,-0.0021
462,S,C,0.0800,0.0822,-0.0022
463,F,C,0.0800,0.0837,-0.0037
464,L,C,0.0800,0.0814,-0.0014
465,Q,C,0.0800,0.0804,-0.0004
466,P,C,0.0800,0.0821,-0.0021
467,D,C,0.0800,0.0802,-0.0002
468,H,C,0.0800,0.0813,-0.0013
469,P,C,0.0800,0.0821,-0.0021
470,A,C,0.0800,0.0852,-0.0052
471,Y,C,0.0800,0.0834,-0.0034
472,G,C,0.0800,0.0830,-0.0030
473,L,C,0.0800,0.0814,-0.0014
474,R,C,0.0800,0.0816,-0.0016
475,W,C,0.0800,0.0834,-0.0034
476,K,C,0.0800,0.0816,-0.0016
477,G,C,0.0800,0.0830,-0.0030
478,E,C,0.0800,0.0804,-0.0004
479,E,C,0.0800,0.0804,-0.0004
480,S,C,0.0800,0.0822,-0.0022
481,R,C,0.0800,0.0816,-0.0016
482,E,C,0.0800,0.0804,-0.0004
483,E,C,0.0800,0.0804,-0.0004
484,F,C,0.0800,0.0837,-0.0037
485,E,C,0.0800,0.0804,-0.0004
486,E,C,0.0800,0.0804,-0.0004
487,K,C,0.0800,0.0816,-0.0016
488,L,C,0.0800,0.0814,-0.0014
489,N,C,0.0800,0.0802,-0.0002
490,K,C,0.0800,0.0816,-0.0016
491,T,C,0.0800,0.0821,-0.0021
492,L,C,0.0800,0.0814,-0.0014
493,E,C,0.0800,0.0804,-0.0004
494,E,C,0.0800,0.0804,-0.0004
495,R,C,0.0800,0.0816,-0.0016
496,F,C,0.0800,0.0837,-0.0037
497,G,C,0.0800,0.0830,-0.0030
498,G,C,0.0800,0.0830,-0.0030
499,K,C,0.0800,0.0816,-0.0016
