pos,wt,worst_mutation,structure,depth_max,depth_mean
1,M,M1C,C,0.9613,0.6557
2,E,E2C,C,1.1182,0.7125
3,E,E3C,C,1.2113,0.7719
4,P,P4C,C,1.2527,0.8238
5,Q,Q5C,C,1.4016,0.8905
6,S,S6C,C,1.4270,0.9524
7,D,D7D,C,1.5616,1.0149
8,P,P8C,C,1.6106,1.0592
9,S,S9C,C,1.6946,1.1310
10,V,V10C,C,1.7540,1.2300
11,E,E11C,C,1.9568,1.2469
12,P,P12C,C,1.8791,1.2357
13,P,P13C,C,1.8791,1.2357
14,L,L14C,C,1.8580,1.2867
15,S,S15C,C,1.8729,1.2500
16,Q,Q16C,C,1.9623,1.2467
17,E,E17C,C,1.9568,1.2469
18,T,T18C,C,1.8581,1.2319
19,F,F19C,C,3.3545,2.6253
20,S,S20C,C,1.8729,1.2500
21,D,D21D,C,1.9290,1.2537
22,L,L22C,C,1.8580,1.2867
23,W,W23C,C,3.4772,2.6257
24,K,K24C,C,1.9983,1.2611
25,L,L25C,C,1.8580,1.2867
26,L,L26C,C,1.8580,1.2867
27,P,P27C,C,1.8791,1.2357
28,E,E28C,C,1.9568,1.2469
29,N,N29D,C,1.9320,1.2523
30,N,N30D,C,1.9320,1.2523
31,V,V31C,C,1.8417,1.2915
32,L,L32C,C,1.8580,1.2867
33,S,S33C,C,1.8729,1.2500
34,P,P34C,C,1.8791,1.2357
35,L,L35C,C,1.8580,1.2867
36,P,P36C,C,1.8791,1.2357
37,S,S37C,C,1.8729,1.2500
38,Q,Q38C,C,1.9623,1.2467
39,A,A39D,C,1.8028,1.2712
40,M,M40C,C,1.8352,1.2518
41,D,D41D,C,1.9290,1.2537
42,D,D42D,C,1.9290,1.2537
43,L,L43C,C,1.8580,1.2867
44,M,M44C,C,1.8352,1.2518
45,L,L45C,C,1.8580,1.2867
46,S,S46C,C,1.8729,1.2500
47,P,P47C,C,1.8791,1.2357
48,D,D48D,C,1.9290,1.2537
49,D,D49D,C,1.9290,1.2537
50,I,I50C,C,1.8770,1.3036
51,E,E51C,C,1.9568,1.2469
52,Q,Q52C,C,1.9623,1.2467
53,W,W53C,C,3.4772,2.6257
54,F,F54C,C,3.3545,2.6253
55,T,T55C,C,1.8581,1.2319
56,E,E56C,C,1.9568,1.2469
57,D,D57D,C,1.9290,1.2537
58,P,P58C,C,1.8791,1.2357
59,G,G59C,C,1.8915,1.2799
60,P,P60C,C,1.8791,1.2357
61,D,D61D,C,1.9290,1.2537
62,E,E62C,C,1.9568,1.2469
63,A,A63D,C,1.8028,1.2712
64,P,P64C,C,1.8791,1.2357
65,R,R65D,C,2.0195,1.2797
66,M,M66C,C,1.8352,1.2518
67,P,P67C,C,1.8791,1.2357
68,E,E68C,C,1.9568,1.2469
69,A,A69D,C,1.8028,1.2712
70,A,A70D,C,1.8028,1.2712
71,P,P71C,C,1.8791,1.2357
72,P,P72C,C,1.8791,1.2357
73,V,V73C,C,1.8417,1.2915
74,A,A74D,C,1.8028,1.2712
75,P,P75C,C,1.8791,1.2357
76,A,A76D,C,1.8028,1.2712
77,P,P77C,C,1.8791,1.2357
78,A,A78D,C,1.8028,1.2712
79,A,A79D,C,1.8028,1.2712
80,P,P80C,C,1.8791,1.2357
81,T,T81C,C,1.8581,1.2319
82,P,P82C,C,1.8791,1.2357
83,A,A83D,C,1.8028,1.2712
84,A,A84D,C,1.8028,1.2712
85,P,P85C,C,1.8791,1.2357
86,A,A86D,C,1.8028,1.2712
87,P,P87C,C,1.8791,1.2357
88,A,A88D,C,1.8028,1.2712
89,P,P89C,C,1.8791,1.2357
90,S,S90C,C,1.8729,1.2500
91,W,W91C,C,3.4772,2.6257
92,P,P92C,C,1.8791,1.2357
93,L,L93C,C,1.8580,1.2867
94,S,S94C,C,1.8729,1.2500
95,S,S95C,C,1.8729,1.2500
96,S,S96C,C,1.8729,1.2500
97,V,V97C,C,1.8417,1.2915
98,P,P98C,C,1.8791,1.2357
99,S,S99C,C,1.8729,1.2500
100,Q,Q100C,C,1.9623,1.2467
101,K,K101C,C,1.9983,1.2611
102,T,T102C,C,1.8581,1.2319
103,Y,Y103C,C,3.4532,2.5939
104,Q,Q104C,C,1.9623,1.2467
105,G,G105C,C,1.8915,1.2799
106,S,S106C,C,1.8729,1.2500
107,Y,Y107C,C,3.4532,2.5939
108,G,G108C,C,1.8915,1.2799
109,F,F109C,C,3.3545,2.6253
110,R,R110N,E,2.8998,1.7348
111,L,L111R,E,3.0556,1.8224
112,G,G112R,E,2.9721,1.7827
113,F,F113R,E,4.5344,3.1496
114,L,L114C,C,1.8580,1.2867
115,H,H115C,C,1.9637,1.2443
116,S,S116C,C,1.8729,1.2500
117,G,G117C,C,1.8915,1.2799
118,T,T118C,C,1.8581,1.2319
119,A,A119D,C,1.8028,1.2712
120,K,K120C,C,1.9983,1.2611
121,S,S121C,C,1.8729,1.2500
122,V,V122C,C,1.8417,1.2915
123,T,T123C,C,1.8581,1.2319
124,C,C124R,E,3.0318,1.7735
125,T,T125R,E,2.9609,1.7776
126,Y,Y126R,E,4.4447,3.1219
127,S,S127R,E,2.9609,1.7788
128,P,P128C,C,1.8791,1.2357
129,A,A129D,C,1.8028,1.2712
130,L,L130C,C,1.8580,1.2867
131,N,N131D,C,1.9320,1.2523
132,K,K132R,E,2.8863,1.7220
133,M,M133R,E,3.0142,1.7950
134,F,F134R,E,4.5344,3.1496
135,C,C135R,E,3.0318,1.7735
136,Q,Q136C,C,1.9623,1.2467
137,L,L137C,C,1.8580,1.2867
138,A,A138D,C,1.8028,1.2712
139,K,K139C,C,1.9983,1.2611
140,T,T140C,C,1.8581,1.2319
141,C,C141R,E,3.0318,1.7735
142,P,P142R,E,2.9414,1.7798
143,V,V143R,E,3.0666,1.8294
144,Q,Q144R,E,2.8971,1.7931
145,L,L145R,E,3.0556,1.8224
146,W,W146R,E,4.4563,3.1237
147,V,V147C,C,1.8417,1.2915
148,D,D148D,C,1.9290,1.2537
149,S,S149C,C,1.8729,1.2500
150,T,T150C,C,1.8581,1.2319
151,P,P151C,C,1.8791,1.2357
152,P,P152C,C,1.8791,1.2357
153,P,P153C,C,1.8791,1.2357
154,G,G154C,C,1.8915,1.2799
155,T,T155C,C,1.8581,1.2319
156,R,R156N,E,2.8998,1.7348
157,V,V157R,E,3.0666,1.8294
158,R,R158N,E,2.8998,1.7348
159,A,A159A,E,3.0181,1.7958
160,M,M160R,E,3.0142,1.7950
161,A,A161A,E,3.0181,1.7958
162,I,I162R,E,3.0710,1.8360
163,Y,Y163R,E,4.4447,3.1219
164,K,K164C,C,1.9983,1.2611
165,Q,Q165E,H,3.5825,2.4969
166,S,S166P,H,3.5009,2.4758
167,Q,Q167E,H,3.5825,2.4969
168,H,H168G,H,3.5739,2.4929
169,M,M169F,H,3.5913,2.4996
170,T,T170C,C,1.8581,1.2319
171,E,E171C,C,1.9568,1.2469
172,V,V172C,C,1.8417,1.2915
173,V,V173C,C,1.8417,1.2915
174,R,R174D,C,2.0195,1.2797
175,R,R175D,C,2.0195,1.2797
176,C,C176F,H,3.6051,2.4680
177,P,P177G,H,3.5173,2.3922
178,H,H178G,H,3.5739,2.4929
179,H,H179G,H,3.5739,2.4929
180,E,E180E,H,3.5818,2.4179
181,R,R181E,H,3.6183,2.4482
182,C,C182R,C,1.3412,1.2303
183,S,S183C,C,1.8729,1.2500
184,D,D184D,C,1.9290,1.2537
185,S,S185C,C,1.8729,1.2500
186,D,D186D,C,1.9290,1.2537
187,G,G187C,C,1.8915,1.2799
188,L,L188C,C,1.8580,1.2867
189,A,A189D,C,1.8028,1.2712
190,P,P190C,C,1.8791,1.2357
191,P,P191C,C,1.8791,1.2357
192,Q,Q192C,C,1.9623,1.2467
193,H,H193C,C,1.9637,1.2443
194,L,L194C,C,1.8580,1.2867
195,I,I195R,E,3.0710,1.8360
196,R,R196N,E,2.8998,1.7348
197,V,V197R,E,3.0666,1.8294
198,E,E198R,E,2.8976,1.7142
199,G,G199C,C,1.8915,1.2799
200,N,N200D,C,1.9320,1.2523
201,L,L201C,C,1.8580,1.2867
202,R,R202D,C,2.0195,1.2797
203,V,V203C,C,1.8417,1.2915
204,E,E204R,E,2.8976,1.7142
205,Y,Y205R,E,4.4447,3.1219
206,L,L206R,E,3.0556,1.8224
207,D,D207R,E,2.8998,1.7148
208,D,D208D,C,1.9290,1.2537
209,R,R209D,C,2.0195,1.2797
210,N,N210D,C,1.9320,1.2523
211,T,T211C,C,1.8581,1.2319
212,F,F212C,C,3.3545,2.6253
213,R,R213D,C,2.0195,1.2797
214,H,H214R,E,2.9029,1.7904
215,S,S215R,E,2.9609,1.7788
216,V,V216R,E,3.0666,1.8294
217,V,V217R,E,3.0666,1.8294
218,V,V218R,E,3.0666,1.8294
219,P,P219R,E,2.9414,1.7798
220,Y,Y220C,C,3.4532,2.5939
221,E,E221C,C,1.9568,1.2469
222,P,P222C,C,1.8791,1.2357
223,P,P223C,C,1.8791,1.2357
224,E,E224C,C,1.9568,1.2469
225,V,V225C,C,1.8417,1.2915
226,G,G226C,C,1.8915,1.2799
227,S,S227C,C,1.8729,1.2500
228,D,D228D,C,1.9290,1.2537
229,C,C229R,C,1.3412,1.2303
230,T,T230R,E,2.9609,1.7776
231,T,T231R,E,2.9609,1.7776
232,I,I232R,E,3.0710,1.8360
233,H,H233R,E,2.9029,1.7904
234,Y,Y234R,E,4.4447,3.1219
235,N,N235R,E,2.8996,1.7936
236,Y,Y236R,E,4.4447,3.1219
237,M,M237C,C,1.8352,1.2518
238,C,C238R,C,1.3412,1.2303
239,N,N239D,C,1.9320,1.2523
240,S,S240C,C,1.8729,1.2500
241,S,S241C,C,1.8729,1.2500
242,C,C242R,C,1.3412,1.2303
243,M,M243C,C,1.8352,1.2518
244,G,G244C,C,1.8915,1.2799
245,G,G245C,C,1.8915,1.2799
246,M,M246C,C,1.8352,1.2518
247,N,N247D,C,1.9320,1.2523
248,R,R248D,C,2.0195,1.2797
249,R,R249D,C,2.0195,1.2797
250,P,P250C,C,1.8791,1.2357
251,I,I251R,E,3.0710,1.8360
252,L,L252R,E,3.0556,1.8224
253,T,T253R,E,2.9609,1.7776
254,I,I254R,E,3.0710,1.8360
255,I,I255R,E,3.0710,1.8360
256,T,T256R,E,2.9609,1.7776
257,L,L257R,E,3.0556,1.8224
258,E,E258R,E,2.8976,1.7142
259,D,D259D,C,1.9290,1.2537
260,S,S260C,C,1.8729,1.2500
261,S,S261C,C,1.8729,1.2500
262,G,G262C,C,1.8915,1.2799
263,N,N263D,C,1.9320,1.2523
264,L,L264R,E,3.0556,1.8224
265,L,L265R,E,3.0556,1.8224
266,G,G266R,E,2.9721,1.7827
267,R,R267N,E,2.8998,1.7348
268,N,N268R,E,2.8996,1.7936
269,S,S269R,E,2.9609,1.7788
270,F,F270R,E,4.5344,3.1496
271,E,E271R,E,2.8976,1.7142
272,V,V272R,E,3.0666,1.8294
273,R,R273N,E,2.8998,1.7348
274,V,V274R,E,3.0666,1.8294
275,C,C275R,C,1.3412,1.2303
276,A,A276D,C,1.8028,1.2712
277,C,C277F,H,3.6051,2.4680
278,P,P278G,H,3.5173,2.3922
279,G,G279F,H,3.5173,2.3965
280,R,R280E,H,3.6183,2.4482
281,D,D281E,H,3.5785,2.4188
282,R,R282E,H,3.6183,2.4482
283,R,R283E,H,3.6183,2.4482
284,T,T284P,H,3.5017,2.4740
285,E,E285E,H,3.5818,2.4179
286,E,E286E,H,3.5818,2.4179
287,E,E287E,H,3.5818,2.4179
288,N,N288E,H,3.5789,2.4975
289,L,L289C,C,1.8580,1.2867
290,R,R290D,C,2.0195,1.2797
291,K,K291C,C,1.9983,1.2611
292,K,K292C,C,1.9983,1.2611
293,G,G293C,C,1.8915,1.2799
294,E,E294C,C,1.9568,1.2469
295,P,P295C,C,1.8791,1.2357
296,H,H296C,C,1.9637,1.2443
297,H,H297C,C,1.9637,1.2443
298,E,E298C,C,1.9568,1.2469
299,L,L299C,C,1.8580,1.2867
300,P,P300C,C,1.8791,1.2357
301,P,P301C,C,1.8791,1.2357
302,G,G302C,C,1.8915,1.2799
303,S,S303C,C,1.8729,1.2500
304,T,T304C,C,1.8581,1.2319
305,K,K305C,C,1.9983,1.2611
306,R,R306D,C,2.0195,1.2797
307,A,A307D,C,1.8028,1.2712
308,L,L308C,C,1.8580,1.2867
309,P,P309C,C,1.8791,1.2357
310,N,N310D,C,1.9320,1.2523
311,N,N311D,C,1.9320,1.2523
312,T,T312C,C,1.8581,1.2319
313,S,S313C,C,1.8729,1.2500
314,S,S314C,C,1.8729,1.2500
315,S,S315C,C,1.8729,1.2500
316,P,P316C,C,1.8791,1.2357
317,Q,Q317C,C,1.9623,1.2467
318,P,P318C,C,1.8791,1.2357
319,K,K319C,C,1.9983,1.2611
320,K,K320C,C,1.9983,1.2611
321,K,K321C,C,1.9983,1.2611
322,P,P322C,C,1.8791,1.2357
323,L,L323C,C,1.8580,1.2867
324,D,D324D,C,1.9290,1.2537
325,G,G325C,C,1.8915,1.2799
326,E,E326C,C,1.9568,1.2469
327,Y,Y327C,C,3.4532,2.5939
328,F,F328C,C,3.3545,2.6253
329,T,T329C,C,1.8581,1.2319
330,L,L330C,C,1.8580,1.2867
331,Q,Q331C,C,1.9623,1.2467
332,I,I332C,C,1.8770,1.3036
333,R,R333D,C,2.0195,1.2797
334,G,G334C,C,1.8915,1.2799
335,R,R335D,C,2.0195,1.2797
336,E,E336C,C,1.9568,1.2469
337,R,R337D,C,2.0195,1.2797
338,F,F338C,C,3.3545,2.6253
339,E,E339C,C,1.9568,1.2469
340,M,M340C,C,1.8352,1.2518
341,F,F341C,C,3.3545,2.6253
342,R,R342D,C,2.0195,1.2797
343,E,E343C,C,1.9568,1.2469
344,L,L344C,C,1.8580,1.2867
345,N,N345D,C,1.9320,1.2523
346,E,E346C,C,1.9568,1.2469
347,A,A347D,C,1.8028,1.2712
348,L,L348C,C,1.8580,1.2867
349,E,E349C,C,1.9568,1.2469
350,L,L350C,C,1.8580,1.2867
351,K,K351C,C,1.9983,1.2611
352,D,D352D,C,1.9290,1.2537
353,A,A353D,C,1.8028,1.2712
354,Q,Q354C,C,1.9623,1.2467
355,A,A355D,C,1.8028,1.2712
356,G,G356C,C,1.8915,1.2799
357,K,K357C,C,1.9983,1.2611
358,E,E358C,C,1.9568,1.2469
359,P,P359C,C,1.8791,1.2357
360,G,G360C,C,1.8915,1.2799
361,G,G361C,C,1.8915,1.2799
362,S,S362C,C,1.8729,1.2500
363,R,R363D,C,2.0195,1.2797
364,A,A364D,C,1.8028,1.2712
365,H,H365C,C,1.9637,1.2443
366,S,S366C,C,1.8729,1.2500
367,S,S367C,C,1.8729,1.2500
368,H,H368C,C,1.9637,1.2443
369,L,L369C,C,1.8580,1.2867
370,K,K370C,C,1.9983,1.2611
371,S,S371C,C,1.8729,1.2500
372,K,K372C,C,1.9983,1.2611
373,K,K373C,C,1.9983,1.2611
374,G,G374C,C,1.8915,1.2799
375,Q,Q375C,C,1.9623,1.2467
376,S,S376C,C,1.8729,1.2500
377,T,T377C,C,1.8581,1.2319
378,S,S378C,C,1.8729,1.2500
379,R,R379D,C,2.0195,1.2797
380,H,H380C,C,1.9637,1.2443
381,K,K381C,C,1.9983,1.2611
382,K,K382C,C,1.9983,1.2611
383,L,L383C,C,1.8580,1.2867
384,M,M384C,C,1.7478,1.1922
385,F,F385C,C,3.1779,2.5031
386,K,K386C,C,1.7129,1.0810
387,T,T387C,C,1.5042,0.9973
388,E,E388C,C,1.4909,0.9500
389,G,G389C,C,1.3511,0.9142
390,P,P390C,C,1.2527,0.8238
391,D,D391D,C,1.1941,0.7761
392,S,S392C,C,1.0702,0.7143
393,D,D393D,C,1.0104,0.6567
